-- MySQL dump 10.13  Distrib 5.5.62, for Win64 (AMD64)
--
-- Host: localhost    Database: thueso
-- ------------------------------------------------------
-- Server version	5.5.5-10.1.40-MariaDB

/*!40101 SET @OLD_CHARACTER_SET_CLIENT=@@CHARACTER_SET_CLIENT */;
/*!40101 SET @OLD_CHARACTER_SET_RESULTS=@@CHARACTER_SET_RESULTS */;
/*!40101 SET @OLD_COLLATION_CONNECTION=@@COLLATION_CONNECTION */;
/*!40101 SET NAMES utf8 */;
/*!40103 SET @OLD_TIME_ZONE=@@TIME_ZONE */;
/*!40103 SET TIME_ZONE='+00:00' */;
/*!40014 SET @OLD_UNIQUE_CHECKS=@@UNIQUE_CHECKS, UNIQUE_CHECKS=0 */;
/*!40014 SET @OLD_FOREIGN_KEY_CHECKS=@@FOREIGN_KEY_CHECKS, FOREIGN_KEY_CHECKS=0 */;
/*!40101 SET @OLD_SQL_MODE=@@SQL_MODE, SQL_MODE='NO_AUTO_VALUE_ON_ZERO' */;
/*!40111 SET @OLD_SQL_NOTES=@@SQL_NOTES, SQL_NOTES=0 */;

--
-- Table structure for table `account_member`
--

DROP TABLE IF EXISTS `account_member`;
/*!40101 SET @saved_cs_client     = @@character_set_client */;
/*!40101 SET character_set_client = utf8 */;
CREATE TABLE `account_member` (
  `acc_mem_id` int(11) NOT NULL,
  `acc_mem_name` varchar(50) CHARACTER SET utf8 COLLATE utf8_unicode_ci NOT NULL,
  `acc_mem_password` varchar(60) CHARACTER SET utf8 COLLATE utf8_unicode_ci NOT NULL,
  `acc_id` int(11) NOT NULL,
  `created_date` datetime NOT NULL,
  `updated_date` datetime DEFAULT NULL,
  `deleted_date` datetime DEFAULT NULL,
  `status` char(1) COLLATE utf8_vietnamese_ci NOT NULL,
  `email` varchar(50) CHARACTER SET utf8 COLLATE utf8_unicode_ci DEFAULT NULL,
  `mobile_phone` varchar(15) CHARACTER SET utf8 COLLATE utf8_unicode_ci DEFAULT NULL,
  `acc_mem_user` varchar(255) COLLATE utf8_vietnamese_ci NOT NULL,
  PRIMARY KEY (`acc_mem_id`),
  KEY `account_member_fk` (`acc_id`),
  CONSTRAINT `account_member_fk` FOREIGN KEY (`acc_id`) REFERENCES `accounts` (`acc_id`)
) ENGINE=InnoDB DEFAULT CHARSET=utf8 COLLATE=utf8_vietnamese_ci;
/*!40101 SET character_set_client = @saved_cs_client */;

--
-- Dumping data for table `account_member`
--

LOCK TABLES `account_member` WRITE;
/*!40000 ALTER TABLE `account_member` DISABLE KEYS */;
INSERT INTO `account_member` VALUES (100,'NGUYỄN HỒNG BÁ','111111',100,'2019-06-04 00:00:00',NULL,NULL,'0','PTQUANG0968@GMAIL.COM','0941415514',''),(101,'NGUYỄN HỒNG B','111111',100,'2019-06-04 00:00:00',NULL,NULL,'0','PTQUANG0968@GMAIL.COM','0941415514',''),(102,'NGUYỄN HỒNG C','111111',100,'2019-06-04 00:00:00',NULL,NULL,'0','PTQUANG0968@GMAIL.COM','0941415514',''),(103,'NGUYỄN HỒNG D','111111',100,'2019-06-04 00:00:00',NULL,NULL,'0','PTQUANG0968@GMAIL.COM','0941415514',''),(104,'NGUYỄN HỒNG E','111111',100,'2019-06-04 00:00:00',NULL,NULL,'0','PTQUANG0968@GMAIL.COM','0941415514',''),(105,'NGUYỄN HỒNG F','111111',100,'2019-06-04 00:00:00',NULL,NULL,'0','PTQUANG0968@GMAIL.COM','0941415514','');
/*!40000 ALTER TABLE `account_member` ENABLE KEYS */;
UNLOCK TABLES;

--
-- Table structure for table `accounts`
--

DROP TABLE IF EXISTS `accounts`;
/*!40101 SET @saved_cs_client     = @@character_set_client */;
/*!40101 SET character_set_client = utf8 */;
CREATE TABLE `accounts` (
  `acc_id` int(11) NOT NULL AUTO_INCREMENT,
  `acc_name` varchar(255) CHARACTER SET utf8 COLLATE utf8_unicode_ci NOT NULL,
  `pass_word` varchar(255) CHARACTER SET utf8 COLLATE utf8_unicode_ci NOT NULL,
  `role_id` int(11) NOT NULL,
  `acc_active` bit(1) NOT NULL,
  `created_date` datetime NOT NULL,
  `updated_date` datetime DEFAULT NULL,
  `deleted_date` datetime DEFAULT NULL,
  `acc_user` varchar(255) NOT NULL,
  PRIMARY KEY (`acc_id`),
  KEY `accounts_fk` (`role_id`),
  CONSTRAINT `accounts_fk` FOREIGN KEY (`role_id`) REFERENCES `roles` (`role_id`)
) ENGINE=InnoDB AUTO_INCREMENT=109 DEFAULT CHARSET=utf8;
/*!40101 SET character_set_client = @saved_cs_client */;

--
-- Dumping data for table `accounts`
--

LOCK TABLES `accounts` WRITE;
/*!40000 ALTER TABLE `accounts` DISABLE KEYS */;
INSERT INTO `accounts` VALUES (100,'PHẠM THANH QUANG','111111',100,'\0','2019-06-04 00:00:00',NULL,NULL,''),(101,'NGUYỂN BÌNH AN','111111',100,'\0','2019-06-04 00:00:00',NULL,NULL,''),(102,'DƯƠNG VĨNH TÂM','111111',100,'\0','2019-06-04 00:00:00',NULL,NULL,''),(103,'ĐINH NHO THÀNH','111111',100,'\0','2019-06-04 00:00:00',NULL,NULL,''),(104,'NGUYỄN VĂN A','111111',100,'\0','2019-06-04 00:00:00',NULL,NULL,''),(105,'NGUYỄN VĂN B','111111',100,'\0','2019-06-04 00:00:00',NULL,NULL,''),(106,'NGUYỄN VĂN C','111111',100,'\0','2019-06-04 00:00:00',NULL,NULL,''),(107,'NGUYỄN VĂN D','111111',100,'\0','2019-06-04 00:00:00',NULL,NULL,''),(108,'NGUYỄN VĂN E','111111',100,'\0','2019-06-04 00:00:00',NULL,NULL,'');
/*!40000 ALTER TABLE `accounts` ENABLE KEYS */;
UNLOCK TABLES;

--
-- Table structure for table `company_information`
--

DROP TABLE IF EXISTS `company_information`;
/*!40101 SET @saved_cs_client     = @@character_set_client */;
/*!40101 SET character_set_client = utf8 */;
CREATE TABLE `company_information` (
  `comp_id` int(11) NOT NULL AUTO_INCREMENT,
  `comp_name` varchar(150) CHARACTER SET utf8 COLLATE utf8_unicode_ci NOT NULL,
  `comp_address` varchar(150) CHARACTER SET utf8 COLLATE utf8_unicode_ci NOT NULL,
  `comp_tax_code` varchar(11) CHARACTER SET utf8 COLLATE utf8_unicode_ci NOT NULL,
  `comp_city` varchar(15) CHARACTER SET utf8 COLLATE utf8_vietnamese_ci NOT NULL,
  `comp_tel_phone` varchar(15) CHARACTER SET utf8 DEFAULT NULL,
  `comp_fax` varchar(15) CHARACTER SET utf8 DEFAULT NULL,
  `comp_mobile_phone` varchar(11) CHARACTER SET utf8 NOT NULL,
  `comp_email` varchar(50) CHARACTER SET utf8 NOT NULL,
  `comp_website` varchar(50) CHARACTER SET utf8 DEFAULT NULL,
  `comp_bank_account` varchar(25) CHARACTER SET utf8 DEFAULT NULL,
  `comp_bank_name` varchar(50) CHARACTER SET utf8 DEFAULT NULL,
  `created_date` datetime NOT NULL,
  `updated_date` datetime DEFAULT NULL,
  `deleted_date` datetime DEFAULT NULL,
  `acc_id` int(11) NOT NULL,
  `logo` varchar(50) CHARACTER SET utf8 COLLATE utf8_unicode_ci DEFAULT NULL,
  `description` varchar(300) COLLATE utf8_bin DEFAULT NULL,
  PRIMARY KEY (`comp_id`),
  KEY `company_information_fk` (`acc_id`),
  CONSTRAINT `company_information_fk` FOREIGN KEY (`acc_id`) REFERENCES `accounts` (`acc_id`)
) ENGINE=InnoDB AUTO_INCREMENT=106 DEFAULT CHARSET=utf8 COLLATE=utf8_bin;
/*!40101 SET character_set_client = @saved_cs_client */;

--
-- Dumping data for table `company_information`
--

LOCK TABLES `company_information` WRITE;
/*!40000 ALTER TABLE `company_information` DISABLE KEYS */;
INSERT INTO `company_information` VALUES (100,'CÔNG TY CỔ PHẦN ĐỊA ỐC KHÁNH XUÂN','163 - 165 TRẦN QUỐC THẢO, PHƯỜNG 11, QUẬN 3','6300251710','TP.HCM','09555555','9566666','0941415514','PTQUANG0968@GMAIL.COM','THUESO.COM','1111111111111','VIETCOMBANK','2019-06-04 00:00:00',NULL,NULL,100,'a.PNG','CHI NHÁNH ĐỒNG ĐEN, QUẬN 3'),(101,'CÔNG TY CỔ PHẦN ATT&T','163 - 165 TRẦN QUỐC THẢO, PHƯỜNG 11, QUẬN 3','6300251710','TP.HCM','09555555','9566666','0941415514','PTQUANG0968@GMAIL.COM','THUESO.COM','1111111111111','VIETCOMBANK','2019-06-04 00:00:00',NULL,NULL,101,'a.PNG','CHI NHÁNH ĐỒNG ĐEN, QUẬN 3'),(102,'CÔNG TY CỔ PHẦN ĐỊA ỐC MỸ NHÂN','163 - 165 TRẦN QUỐC THẢO, PHƯỜNG 11, QUẬN 3','6300251710','TP.HCM','09555555','9566666','0941415514','PTQUANG0968@GMAIL.COM','THUESO.COM','1111111111111','VIETCOMBANK','2019-06-04 00:00:00',NULL,NULL,102,'a.PNG','CHI NHÁNH ĐỒNG ĐEN, QUẬN 3'),(103,'CÔNG TY CỔ PHẦN ĐỊA ỐC MỸ NAM','163 - 165 TRẦN QUỐC THẢO, PHƯỜNG 11, QUẬN 3','6300251710','TP.HCM','09555555','9566666','0941415514','PTQUANG0968@GMAIL.COM','THUESO.COM','1111111111111','VIETCOMBANK','2019-06-04 00:00:00',NULL,NULL,103,'a.PNG','CHI NHÁNH ĐỒNG ĐEN, QUẬN 3'),(104,'CÔNG TY CỔ PHẦN ĐỊA ỐC DƯƠNG VẬT','163 - 165 TRẦN QUỐC THẢO, PHƯỜNG 11, QUẬN 3','6300251710','TP.HCM','09555555','9566666','0941415514','PTQUANG0968@GMAIL.COM','THUESO.COM','1111111111111','VIETCOMBANK','2019-06-04 00:00:00',NULL,NULL,104,'a.PNG','CHI NHÁNH ĐỒNG ĐEN, QUẬN 3'),(105,'CÔNG TY CỔ PHẦN ĐỊA ỐC KHÁNH NAM','163 - 165 TRẦN QUỐC THẢO, PHƯỜNG 11, QUẬN 3','6300251710','TP.HCM','09555555','9566666','0941415514','PTQUANG0968@GMAIL.COM','THUESO.COM','1111111111111','VIETCOMBANK','2019-06-04 00:00:00',NULL,NULL,105,'a.PNG','CHI NHÁNH ĐỒNG ĐEN, QUẬN 3');
/*!40000 ALTER TABLE `company_information` ENABLE KEYS */;
UNLOCK TABLES;

--
-- Table structure for table `history_account`
--

DROP TABLE IF EXISTS `history_account`;
/*!40101 SET @saved_cs_client     = @@character_set_client */;
/*!40101 SET character_set_client = utf8 */;
CREATE TABLE `history_account` (
  `his_id` int(11) NOT NULL AUTO_INCREMENT,
  `acc_id` int(11) NOT NULL,
  `method` varchar(15) CHARACTER SET utf8 COLLATE utf8_unicode_ci NOT NULL,
  `excuted_date` datetime NOT NULL,
  `old_password` varchar(60) CHARACTER SET utf8 COLLATE utf8_unicode_ci DEFAULT NULL,
  `content` varchar(4000) CHARACTER SET utf8 COLLATE utf8_unicode_ci NOT NULL,
  `mac_address` varchar(45) CHARACTER SET utf8 COLLATE utf8_unicode_ci DEFAULT NULL,
  PRIMARY KEY (`his_id`),
  KEY `history_account_fk` (`acc_id`),
  CONSTRAINT `history_account_fk` FOREIGN KEY (`acc_id`) REFERENCES `accounts` (`acc_id`)
) ENGINE=InnoDB AUTO_INCREMENT=134 DEFAULT CHARSET=utf8;
/*!40101 SET character_set_client = @saved_cs_client */;

--
-- Dumping data for table `history_account`
--

LOCK TABLES `history_account` WRITE;
/*!40000 ALTER TABLE `history_account` DISABLE KEYS */;
INSERT INTO `history_account` VALUES (100,100,'UPDATE','2019-06-04 00:00:00','111111','{\"UPDATE\"}','192.168.1.1'),(101,100,'UPDATE','2019-06-04 00:00:00','111111','{\"UPDATE\"}','192.168.1.1'),(102,100,'UPDATE','2019-06-04 00:00:00','111111','{\"UPDATE\"}','192.168.1.1'),(103,100,'UPDATE','2019-06-04 00:00:00','111111','{\"UPDATE\"}','192.168.1.1'),(104,100,'UPDATE','2019-06-04 00:00:00','111111','{\"UPDATE\"}','192.168.1.1'),(105,100,'UPDATE','2019-06-04 00:00:00','111111','{\"UPDATE\"}','192.168.1.1'),(106,100,'UPDATE','2019-06-04 00:00:00','111111','{\"UPDATE\"}','192.168.1.1'),(107,100,'UPDATE','2019-06-04 00:00:00','111111','{\"UPDATE\"}','192.168.1.1'),(108,100,'UPDATE','2019-06-04 00:00:00','111111','{\"UPDATE\"}','192.168.1.1'),(109,100,'UPDATE','2019-06-04 00:00:00','111111','{\"UPDATE\"}','192.168.1.1'),(110,100,'UPDATE','2019-06-04 00:00:00','111111','{\"UPDATE\"}','192.168.1.1'),(111,100,'UPDATE','2019-06-04 00:00:00','111111','{\"UPDATE\"}','192.168.1.1'),(112,100,'UPDATE','2019-06-04 00:00:00','111111','{\"UPDATE\"}','192.168.1.1'),(113,100,'UPDATE','2019-06-04 00:00:00','111111','{\"UPDATE\"}','192.168.1.1'),(114,100,'UPDATE','2019-06-04 00:00:00','111111','{\"UPDATE\"}','192.168.1.1'),(115,100,'UPDATE','2019-06-04 00:00:00','111111','{\"UPDATE\"}','192.168.1.1'),(116,100,'UPDATE','2019-06-04 00:00:00','111111','{\"UPDATE\"}','192.168.1.1'),(117,100,'UPDATE','2019-06-04 00:00:00','111111','{\"UPDATE\"}','192.168.1.1'),(118,100,'UPDATE','2019-06-04 00:00:00','111111','{\"INSERT\"}','192.168.1.1'),(119,100,'INSERT','2019-06-04 00:00:00','111111','{\"INSERT\"}','192.168.1.1'),(120,100,'INSERT','2019-06-04 00:00:00','111111','{\"INSERT\"}','192.168.1.1'),(121,100,'INSERT','2019-06-04 00:00:00','111111','{\"INSERT\"}','192.168.1.1'),(122,100,'INSERT','2019-06-04 00:00:00','111111','{\"INSERT\"}','192.168.1.1'),(123,100,'INSERT','2019-06-04 00:00:00','111111','{\"INSERT\"}','192.168.1.1'),(124,100,'INSERT','2019-06-04 00:00:00','111111','{\"INSERT\"}','192.168.1.1'),(125,100,'INSERT','2019-06-04 00:00:00','111111','{\"INSERT\"}','192.168.1.1'),(126,100,'INSERT','2019-06-04 00:00:00','111111','{\"INSERT\"}','192.168.1.1'),(127,100,'INSERT','2019-06-04 00:00:00','111111','{\"INSERT\"}','192.168.1.1'),(128,100,'INSERT','2019-06-04 00:00:00','111111','{\"INSERT\"}','192.168.1.1'),(129,100,'INSERT','2019-06-04 00:00:00','111111','{\"INSERT\"}','192.168.1.1'),(130,100,'INSERT','2019-06-04 00:00:00','111111','{\"INSERT\"}','192.168.1.1'),(131,100,'INSERT','2019-06-04 00:00:00','111111','{\"INSERT\"}','192.168.1.1'),(132,100,'INSERT','2019-06-04 00:00:00','111111','{\"INSERT\"}','192.168.1.1'),(133,100,'INSERT','2019-06-04 00:00:00','111111','{\"INSERT\"}','192.168.1.1');
/*!40000 ALTER TABLE `history_account` ENABLE KEYS */;
UNLOCK TABLES;

--
-- Table structure for table `invoice_details`
--

DROP TABLE IF EXISTS `invoice_details`;
/*!40101 SET @saved_cs_client     = @@character_set_client */;
/*!40101 SET character_set_client = utf8 */;
CREATE TABLE `invoice_details` (
  `invoice_detail_id` int(11) NOT NULL AUTO_INCREMENT,
  `invoice_id` int(11) NOT NULL,
  `invoice_item_name` varchar(45) CHARACTER SET utf8 COLLATE utf8_unicode_ci NOT NULL,
  `invoice_quantity` int(11) NOT NULL,
  `invoice_unit` varchar(20) CHARACTER SET utf8 COLLATE utf8_unicode_ci NOT NULL,
  `invoice_price` decimal(18,6) NOT NULL,
  `invoice_amount` decimal(18,6) NOT NULL,
  `invoice_total_amount` decimal(18,6) NOT NULL,
  `invoice_total_tax` decimal(18,6) NOT NULL,
  `invoice_total` decimal(18,6) NOT NULL,
  PRIMARY KEY (`invoice_detail_id`),
  KEY `invoice_details_fk` (`invoice_id`),
  CONSTRAINT `invoice_details_fk` FOREIGN KEY (`invoice_id`) REFERENCES `invoices` (`invoice_id`)
) ENGINE=InnoDB AUTO_INCREMENT=166 DEFAULT CHARSET=utf8;
/*!40101 SET character_set_client = @saved_cs_client */;

--
-- Dumping data for table `invoice_details`
--

LOCK TABLES `invoice_details` WRITE;
/*!40000 ALTER TABLE `invoice_details` DISABLE KEYS */;
INSERT INTO `invoice_details` VALUES (100,100,'MUỐI',1000,'5000',250000.000000,160000000.000000,15200000.000000,200000.000000,150000000.000000),(101,100,'MUỐI',1000,'5000',250000.000000,160000000.000000,15200000.000000,200000.000000,150000000.000000),(102,100,'MUỐI',1000,'5000',250000.000000,160000000.000000,15200000.000000,200000.000000,150000000.000000),(103,100,'MUỐI',1000,'5000',250000.000000,160000000.000000,15200000.000000,200000.000000,150000000.000000),(104,100,'MUỐI',1000,'5000',250000.000000,160000000.000000,15200000.000000,200000.000000,150000000.000000),(105,100,'MUỐI',1000,'5000',250000.000000,160000000.000000,15200000.000000,200000.000000,150000000.000000),(106,100,'MUỐI',1000,'5000',250000.000000,160000000.000000,15200000.000000,200000.000000,150000000.000000),(107,100,'MUỐI',1000,'5000',250000.000000,160000000.000000,15200000.000000,200000.000000,150000000.000000),(108,100,'MUỐI',1000,'5000',250000.000000,160000000.000000,15200000.000000,200000.000000,150000000.000000),(109,100,'MUỐI',1000,'5000',250000.000000,160000000.000000,15200000.000000,200000.000000,150000000.000000),(110,100,'MUỐI',1000,'5000',250000.000000,160000000.000000,15200000.000000,200000.000000,150000000.000000),(111,100,'MUỐI',1000,'5000',250000.000000,160000000.000000,15200000.000000,200000.000000,150000000.000000),(112,100,'MUỐI',1000,'5000',250000.000000,160000000.000000,15200000.000000,200000.000000,150000000.000000),(113,100,'MUỐI',1000,'5000',250000.000000,160000000.000000,15200000.000000,200000.000000,150000000.000000),(114,100,'MUỐI',1000,'5000',250000.000000,160000000.000000,15200000.000000,200000.000000,150000000.000000),(115,100,'MUỐI',1000,'5000',250000.000000,160000000.000000,15200000.000000,200000.000000,150000000.000000),(116,100,'MUỐI',1000,'5000',250000.000000,160000000.000000,15200000.000000,200000.000000,150000000.000000),(117,100,'MUỐI',1000,'5000',250000.000000,160000000.000000,15200000.000000,200000.000000,150000000.000000),(118,100,'MUỐI',1000,'5000',250000.000000,160000000.000000,15200000.000000,200000.000000,150000000.000000),(119,100,'MUỐI',1000,'5000',250000.000000,160000000.000000,15200000.000000,200000.000000,150000000.000000),(120,100,'MUỐI',1000,'5000',250000.000000,160000000.000000,15200000.000000,200000.000000,150000000.000000),(121,100,'MUỐI',1000,'5000',250000.000000,160000000.000000,15200000.000000,200000.000000,150000000.000000),(122,100,'MUỐI',1000,'5000',250000.000000,160000000.000000,15200000.000000,200000.000000,150000000.000000),(123,100,'MUỐI',1000,'5000',250000.000000,160000000.000000,15200000.000000,200000.000000,150000000.000000),(124,100,'MUỐI',1000,'5000',250000.000000,160000000.000000,15200000.000000,200000.000000,150000000.000000),(125,100,'MUỐI',1000,'5000',250000.000000,160000000.000000,15200000.000000,200000.000000,150000000.000000),(126,100,'MUỐI',1000,'5000',250000.000000,160000000.000000,15200000.000000,200000.000000,150000000.000000),(127,100,'MUỐI',1000,'5000',250000.000000,160000000.000000,15200000.000000,200000.000000,150000000.000000),(128,100,'MUỐI',1000,'5000',250000.000000,160000000.000000,15200000.000000,200000.000000,150000000.000000),(129,100,'MUỐI',1000,'5000',250000.000000,160000000.000000,15200000.000000,200000.000000,150000000.000000),(130,100,'MUỐI',1000,'5000',250000.000000,160000000.000000,15200000.000000,200000.000000,150000000.000000),(131,100,'MUỐI',1000,'5000',250000.000000,160000000.000000,15200000.000000,200000.000000,150000000.000000),(132,100,'MUỐI',1000,'5000',250000.000000,160000000.000000,15200000.000000,200000.000000,150000000.000000),(133,100,'MUỐI',1000,'5000',250000.000000,160000000.000000,15200000.000000,200000.000000,150000000.000000),(134,100,'MUỐI',1000,'5000',250000.000000,160000000.000000,15200000.000000,200000.000000,150000000.000000),(135,100,'MUỐI',1000,'5000',250000.000000,160000000.000000,15200000.000000,200000.000000,150000000.000000),(136,100,'MUỐI',1000,'5000',250000.000000,160000000.000000,15200000.000000,200000.000000,150000000.000000),(137,100,'MUỐI',1000,'5000',250000.000000,160000000.000000,15200000.000000,200000.000000,150000000.000000),(138,100,'MUỐI',1000,'5000',250000.000000,160000000.000000,15200000.000000,200000.000000,150000000.000000),(139,100,'MUỐI',1000,'5000',250000.000000,160000000.000000,15200000.000000,200000.000000,150000000.000000),(140,100,'MUỐI',1000,'5000',250000.000000,160000000.000000,15200000.000000,200000.000000,150000000.000000),(141,100,'MUỐI',1000,'5000',250000.000000,160000000.000000,15200000.000000,200000.000000,150000000.000000),(142,100,'MUỐI',1000,'5000',250000.000000,160000000.000000,15200000.000000,200000.000000,150000000.000000),(143,100,'MUỐI',1000,'5000',250000.000000,160000000.000000,15200000.000000,200000.000000,150000000.000000),(144,100,'MUỐI',1000,'5000',250000.000000,160000000.000000,15200000.000000,200000.000000,150000000.000000),(145,100,'MUỐI',1000,'5000',250000.000000,160000000.000000,15200000.000000,200000.000000,150000000.000000),(146,100,'MUỐI',1000,'5000',250000.000000,160000000.000000,15200000.000000,200000.000000,150000000.000000),(147,100,'MUỐI',1000,'5000',250000.000000,160000000.000000,15200000.000000,200000.000000,150000000.000000),(148,100,'MUỐI',1000,'5000',250000.000000,160000000.000000,15200000.000000,200000.000000,150000000.000000),(149,100,'MUỐI',1000,'5000',250000.000000,160000000.000000,15200000.000000,200000.000000,150000000.000000),(150,100,'MUỐI',1000,'5000',250000.000000,160000000.000000,15200000.000000,200000.000000,150000000.000000),(151,100,'MUỐI',1000,'5000',250000.000000,160000000.000000,15200000.000000,200000.000000,150000000.000000),(152,100,'MUỐI',1000,'5000',250000.000000,160000000.000000,15200000.000000,200000.000000,150000000.000000),(153,100,'MUỐI',1000,'5000',250000.000000,160000000.000000,15200000.000000,200000.000000,150000000.000000),(154,100,'MUỐI',1000,'5000',250000.000000,160000000.000000,15200000.000000,200000.000000,150000000.000000),(155,100,'MUỐI',1000,'5000',250000.000000,160000000.000000,15200000.000000,200000.000000,150000000.000000),(156,100,'MUỐI',1000,'5000',250000.000000,160000000.000000,15200000.000000,200000.000000,150000000.000000),(157,100,'MUỐI',1000,'5000',250000.000000,160000000.000000,15200000.000000,200000.000000,150000000.000000),(158,100,'MUỐI',1000,'5000',250000.000000,160000000.000000,15200000.000000,200000.000000,150000000.000000),(159,100,'MUỐI',1000,'5000',250000.000000,160000000.000000,15200000.000000,200000.000000,150000000.000000),(160,100,'MUỐI',1000,'5000',250000.000000,160000000.000000,15200000.000000,200000.000000,150000000.000000),(161,100,'MUỐI',1000,'5000',250000.000000,160000000.000000,15200000.000000,200000.000000,150000000.000000),(162,100,'MUỐI',1000,'5000',250000.000000,160000000.000000,15200000.000000,200000.000000,150000000.000000),(163,100,'MUỐI',1000,'5000',250000.000000,160000000.000000,15200000.000000,200000.000000,150000000.000000),(164,100,'MUỐI',1000,'5000',250000.000000,160000000.000000,15200000.000000,200000.000000,150000000.000000),(165,100,'MUỐI',1000,'5000',250000.000000,160000000.000000,15200000.000000,200000.000000,150000000.000000);
/*!40000 ALTER TABLE `invoice_details` ENABLE KEYS */;
UNLOCK TABLES;

--
-- Table structure for table `invoices`
--

DROP TABLE IF EXISTS `invoices`;
/*!40101 SET @saved_cs_client     = @@character_set_client */;
/*!40101 SET character_set_client = utf8 */;
CREATE TABLE `invoices` (
  `invoice_id` int(11) NOT NULL AUTO_INCREMENT,
  `form_number` int(11) NOT NULL,
  `invoice_serial` varchar(45) CHARACTER SET utf8 COLLATE utf8_unicode_ci NOT NULL,
  `public_date` datetime NOT NULL,
  `payment_method` varchar(20) CHARACTER SET utf8 COLLATE utf8_unicode_ci NOT NULL,
  `tax_rate` float NOT NULL,
  `is_paid` char(1) NOT NULL,
  `search_code` varchar(45) CHARACTER SET utf8 COLLATE utf8_unicode_ci NOT NULL,
  `acc_id` int(11) NOT NULL,
  `created_date` datetime NOT NULL,
  `updated_date` datetime DEFAULT NULL,
  `deleted_date` datetime DEFAULT NULL,
  `status` char(1) NOT NULL,
  `invoice_link` varchar(45) CHARACTER SET utf8 COLLATE utf8_unicode_ci DEFAULT NULL,
  `payment_id` int(11) DEFAULT NULL,
  `invoice_cancel_content` varchar(200) CHARACTER SET utf8 COLLATE utf8_unicode_ci DEFAULT NULL,
  `invoice_cancel_image` varchar(45) CHARACTER SET utf8 COLLATE utf8_unicode_ci DEFAULT NULL,
  `printer` varchar(45) CHARACTER SET utf8 COLLATE utf8_unicode_ci DEFAULT NULL,
  `export_pdf` char(1) DEFAULT NULL,
  `export_excel` char(1) DEFAULT NULL,
  `export_xml` char(1) DEFAULT NULL,
  `acc_mem_id` int(11) DEFAULT NULL,
  PRIMARY KEY (`invoice_id`),
  KEY `invoices_fk` (`acc_id`),
  CONSTRAINT `invoices_fk` FOREIGN KEY (`acc_id`) REFERENCES `accounts` (`acc_id`)
) ENGINE=InnoDB AUTO_INCREMENT=136 DEFAULT CHARSET=utf8;
/*!40101 SET character_set_client = @saved_cs_client */;

--
-- Dumping data for table `invoices`
--

LOCK TABLES `invoices` WRITE;
/*!40000 ALTER TABLE `invoices` DISABLE KEYS */;
INSERT INTO `invoices` VALUES (100,1111,'2222','2019-06-04 00:00:00','CK/TM',0.15,'1','1111111111111',100,'2019-06-04 00:00:00',NULL,NULL,'1','ASDASDDASAS',100,NULL,NULL,'1','1','1','1',100),(101,1111,'2222','2019-06-04 00:00:00','CK/TM',0.15,'1','1111111111111',100,'2019-06-04 00:00:00',NULL,NULL,'1','ASDASDDASAS',100,NULL,NULL,'1','1','1','1',100),(102,1111,'2222','2019-06-04 00:00:00','CK/TM',0.15,'1','1111111111111',100,'2019-06-04 00:00:00',NULL,NULL,'1','ASDASDDASAS',100,NULL,NULL,'1','1','1','1',100),(103,1111,'2222','2019-06-04 00:00:00','CK/TM',0.15,'1','1111111111111',100,'2019-06-04 00:00:00',NULL,NULL,'1','ASDASDDASAS',100,NULL,NULL,'1','1','1','1',100),(104,1111,'2222','2019-06-04 00:00:00','CK/TM',0.15,'1','1111111111111',100,'2019-06-04 00:00:00',NULL,NULL,'1','ASDASDDASAS',100,NULL,NULL,'1','1','1','1',100),(105,1111,'2222','2019-06-04 00:00:00','CK/TM',0.15,'1','1111111111111',100,'2019-06-04 00:00:00',NULL,NULL,'1','ASDASDDASAS',100,NULL,NULL,'1','1','1','1',100),(106,1111,'2222','2019-06-04 00:00:00','CK/TM',0.15,'1','1111111111111',100,'2019-06-04 00:00:00',NULL,NULL,'1','ASDASDDASAS',100,NULL,NULL,'1','1','1','1',100),(107,1111,'2222','2019-06-04 00:00:00','CK/TM',0.15,'1','1111111111111',100,'2019-06-04 00:00:00',NULL,NULL,'1','ASDASDDASAS',100,NULL,NULL,'1','1','1','1',100),(108,1111,'2222','2019-06-04 00:00:00','CK/TM',0.15,'1','1111111111111',100,'2019-06-04 00:00:00',NULL,NULL,'1','ASDASDDASAS',100,NULL,NULL,'1','1','1','1',100),(109,1111,'2222','2019-06-04 00:00:00','CK/TM',0.15,'1','1111111111111',100,'2019-06-04 00:00:00',NULL,NULL,'1','ASDASDDASAS',100,NULL,NULL,'1','1','1','1',100),(110,1111,'2222','2019-06-04 00:00:00','CK/TM',0.15,'1','1111111111111',100,'2019-06-04 00:00:00',NULL,NULL,'1','ASDASDDASAS',100,NULL,NULL,'1','1','1','1',100),(111,1111,'2222','2019-06-04 00:00:00','CK/TM',0.15,'1','1111111111111',100,'2019-06-04 00:00:00',NULL,NULL,'1','ASDASDDASAS',100,NULL,NULL,'1','1','1','1',100),(112,1111,'2222','2019-06-04 00:00:00','CK/TM',0.15,'1','1111111111111',100,'2019-06-04 00:00:00',NULL,NULL,'1','ASDASDDASAS',100,NULL,NULL,'1','1','1','1',100),(113,1111,'2222','2019-06-04 00:00:00','CK/TM',0.15,'1','1111111111111',100,'2019-06-04 00:00:00',NULL,NULL,'1','ASDASDDASAS',100,NULL,NULL,'1','1','1','1',100),(114,1111,'2222','2019-06-04 00:00:00','CK/TM',0.15,'1','1111111111111',100,'2019-06-04 00:00:00',NULL,NULL,'1','ASDASDDASAS',100,NULL,NULL,'1','1','1','1',100),(115,1111,'2222','2019-06-04 00:00:00','CK/TM',0.15,'1','1111111111111',100,'2019-06-04 00:00:00',NULL,NULL,'1','ASDASDDASAS',100,NULL,NULL,'1','1','1','1',100),(116,1111,'2222','2019-06-04 00:00:00','CK/TM',0.15,'1','1111111111111',100,'2019-06-04 00:00:00',NULL,NULL,'1','ASDASDDASAS',100,NULL,NULL,'1','1','1','1',100),(117,1111,'2222','2019-06-04 00:00:00','CK/TM',0.15,'1','1111111111111',100,'2019-06-04 00:00:00',NULL,NULL,'1','ASDASDDASAS',100,NULL,NULL,'1','1','1','1',100),(118,1111,'2222','2019-06-04 00:00:00','CK/TM',0.15,'1','1111111111111',100,'2019-06-04 00:00:00',NULL,NULL,'1','ASDASDDASAS',100,NULL,NULL,'1','1','1','1',100),(119,1111,'2222','2019-06-04 00:00:00','CK/TM',0.15,'1','1111111111111',100,'2019-06-04 00:00:00',NULL,NULL,'1','ASDASDDASAS',100,NULL,NULL,'1','1','1','1',100),(120,1111,'2222','2019-06-04 00:00:00','CK/TM',0.15,'1','1111111111111',100,'2019-06-04 00:00:00',NULL,NULL,'1','ASDASDDASAS',100,NULL,NULL,'1','1','1','1',100),(121,1111,'2222','2019-06-04 00:00:00','CK/TM',0.15,'1','1111111111111',100,'2019-06-04 00:00:00',NULL,NULL,'1','ASDASDDASAS',100,NULL,NULL,'1','1','1','1',100),(122,1111,'2222','2019-06-04 00:00:00','CK/TM',0.15,'1','1111111111111',100,'2019-06-04 00:00:00',NULL,NULL,'1','ASDASDDASAS',100,NULL,NULL,'1','1','1','1',100),(123,1111,'2222','2019-06-04 00:00:00','CK/TM',0.15,'1','1111111111111',100,'2019-06-04 00:00:00',NULL,NULL,'1','ASDASDDASAS',100,NULL,NULL,'1','1','1','1',100),(124,1111,'2222','2019-06-04 00:00:00','CK/TM',0.15,'1','1111111111111',100,'2019-06-04 00:00:00',NULL,NULL,'1','ASDASDDASAS',100,NULL,NULL,'1','1','1','1',100),(125,1111,'2222','2019-06-04 00:00:00','CK/TM',0.15,'1','1111111111111',100,'2019-06-04 00:00:00',NULL,NULL,'1','ASDASDDASAS',100,NULL,NULL,'1','1','1','1',100),(126,1111,'2222','2019-06-04 00:00:00','CK/TM',0.15,'1','1111111111111',100,'2019-06-04 00:00:00',NULL,NULL,'1','ASDASDDASAS',100,NULL,NULL,'1','1','1','1',100),(127,1111,'2222','2019-06-04 00:00:00','CK/TM',0.15,'1','1111111111111',100,'2019-06-04 00:00:00',NULL,NULL,'1','ASDASDDASAS',100,NULL,NULL,'1','1','1','1',100),(128,1111,'2222','2019-06-04 00:00:00','CK/TM',0.15,'1','1111111111111',100,'2019-06-04 00:00:00',NULL,NULL,'1','ASDASDDASAS',100,NULL,NULL,'1','1','1','1',100),(129,1111,'2222','2019-06-04 00:00:00','CK/TM',0.15,'1','1111111111111',100,'2019-06-04 00:00:00',NULL,NULL,'1','ASDASDDASAS',100,NULL,NULL,'1','1','1','1',100),(130,1111,'2222','2019-06-04 00:00:00','CK/TM',0.15,'1','1111111111111',100,'2019-06-04 00:00:00',NULL,NULL,'1','ASDASDDASAS',100,NULL,NULL,'1','1','1','1',100),(131,1111,'2222','2019-06-04 00:00:00','CK/TM',0.15,'1','1111111111111',100,'2019-06-04 00:00:00',NULL,NULL,'1','ASDASDDASAS',100,NULL,NULL,'1','1','1','1',100),(132,1111,'2222','2019-06-04 00:00:00','CK/TM',0.15,'1','1111111111111',100,'2019-06-04 00:00:00',NULL,NULL,'1','ASDASDDASAS',100,NULL,NULL,'1','1','1','1',100),(133,1111,'2222','2019-06-04 00:00:00','CK/TM',0.15,'1','1111111111111',100,'2019-06-04 00:00:00',NULL,NULL,'1','ASDASDDASAS',100,NULL,NULL,'1','1','1','1',100),(134,1111,'2222','2019-06-04 00:00:00','CK/TM',0.15,'1','1111111111111',100,'2019-06-04 00:00:00',NULL,NULL,'1','ASDASDDASAS',100,NULL,NULL,'1','1','1','1',100),(135,1111,'2222','2019-06-04 00:00:00','CK/TM',0.15,'1','1111111111111',100,'2019-06-04 00:00:00',NULL,NULL,'1','ASDASDDASAS',100,NULL,NULL,'1','1','1','1',100);
/*!40000 ALTER TABLE `invoices` ENABLE KEYS */;
UNLOCK TABLES;

--
-- Table structure for table `menu_navication`
--

DROP TABLE IF EXISTS `menu_navication`;
/*!40101 SET @saved_cs_client     = @@character_set_client */;
/*!40101 SET character_set_client = utf8 */;
CREATE TABLE `menu_navication` (
  `menu_id` int(11) NOT NULL AUTO_INCREMENT,
  `menu_name` varchar(50) CHARACTER SET utf8 COLLATE utf8_unicode_ci NOT NULL,
  `menu_link` varchar(50) NOT NULL,
  `menu_parameter` varchar(50) CHARACTER SET utf8 COLLATE utf8_unicode_ci NOT NULL,
  `menu_tooltip` varchar(100) CHARACTER SET utf8 COLLATE utf8_unicode_ci NOT NULL,
  `menu_status` char(1) NOT NULL,
  `created_date` datetime NOT NULL,
  `updated_date` datetime DEFAULT NULL,
  `deleted_date` datetime DEFAULT NULL,
  `acc_id` int(11) NOT NULL,
  `menu_sort` int(11) NOT NULL,
  `icon` varchar(25) CHARACTER SET utf8 COLLATE utf8_unicode_ci NOT NULL,
  `alias` varchar(100) NOT NULL,
  PRIMARY KEY (`menu_id`),
  KEY `menu_navication_fk` (`acc_id`),
  CONSTRAINT `menu_navication_fk` FOREIGN KEY (`acc_id`) REFERENCES `accounts` (`acc_id`)
) ENGINE=InnoDB AUTO_INCREMENT=113 DEFAULT CHARSET=utf8;
/*!40101 SET character_set_client = @saved_cs_client */;

--
-- Dumping data for table `menu_navication`
--

LOCK TABLES `menu_navication` WRITE;
/*!40000 ALTER TABLE `menu_navication` DISABLE KEYS */;
INSERT INTO `menu_navication` VALUES (100,'LẬP & PHÁT HÀNH','THUESO.COM/ABC','/TEST/900','LẬP & PHÁT HÀNH HÓA ĐƠN ĐIỆN TỬ','0','2019-06-04 00:00:00',NULL,NULL,100,1,'ICON.ICO','LẬP & PHÁT HÀNH'),(101,'HÓA ĐƠN ĐÃ PHÁT HÀNH','THUESO.COM/ABC','/TEST/900','HÓA ĐƠN ĐÃ PHÁT HÀNH','0','2019-06-04 00:00:00',NULL,NULL,100,2,'ICON.ICO','HÓA ĐƠN ĐÃ PHÁT HÀNH'),(102,'HÓA ĐƠN MUA VÀO','THUESO.COM/ABC','/TEST/900','HÓA ĐƠN MUA VÀO','0','2019-06-04 00:00:00',NULL,NULL,100,3,'ICON.ICO','HÓA ĐƠN MUA VÀO'),(103,'HÓA ĐƠN HỦY','THUESO.COM/ABC','/TEST/900','HÓA ĐƠN HỦY','0','2019-06-04 00:00:00',NULL,NULL,100,4,'ICON.ICO','HÓA ĐƠN HỦY'),(104,'HÓA ĐƠN KHAI / ĐÃ KHAI THUẾ','THUESO.COM/ABC','/TEST/900','HÓA ĐƠN KHAI / ĐÃ KHAI THUẾ','0','2019-06-04 00:00:00',NULL,NULL,100,5,'ICON.ICO','HÓA ĐƠN KHAI / ĐÃ KHAI THUẾ'),(105,'ĐỒNG BỘ CÁC HÓA ĐƠN KHÁC HỆ','THUESO.COM/ABC','/TEST/900','ĐỒNG BỘ CÁC HÓA ĐƠN KHÁC HỆ','0','2019-06-04 00:00:00',NULL,NULL,100,6,'ICON.ICO','ĐỒNG BỘ CÁC HÓA ĐƠN KHÁC HỆ'),(106,'TẠO TÀI KHOẢN PHÂN CẤP','THUESO.COM/ABC','/TEST/900','TẠO TÀI KHOẢN PHÂN CẤP','0','2019-06-04 00:00:00',NULL,NULL,100,7,'ICON.ICO','TẠO TÀI KHOẢN PHÂN CẤP'),(107,'THÔNG TIN DOANH NGHIỆP','THUESO.COM/ABC','/TEST/900','THÔNG TIN DOANH NGHIỆP','0','2019-06-04 00:00:00',NULL,NULL,100,8,'ICON.ICO','THÔNG TIN DOANH NGHIỆP'),(108,'CÀI ĐẶT HÓA ĐƠN','THUESO.COM/ABC','/TEST/900','CÀI ĐẶT HÓA ĐƠN','0','2019-06-04 00:00:00',NULL,NULL,100,9,'ICON.ICO','CÀI ĐẶT HÓA ĐƠN'),(109,'TÌNH HÌNH SỬ DỤNG HÓA ĐƠN','THUESO.COM/ABC','/TEST/900','TÌNH HÌNH SỬ DỤNG HÓA ĐƠN','0','2019-06-04 00:00:00',NULL,NULL,100,10,'ICON.ICO','TÌNH HÌNH SỬ DỤNG HÓA ĐƠN'),(110,'SẢN PHẨM DỊCH VỤ','THUESO.COM/ABC','/TEST/900','SẢN PHẨM DỊCH VỤ','0','2019-06-04 00:00:00',NULL,NULL,100,11,'ICON.ICO','SẢN PHẨM DỊCH VỤ'),(111,'TIỆN ÍCH','THUESO.COM/ABC','/TEST/900','TIỆN ÍCH','0','2019-06-04 00:00:00',NULL,NULL,100,12,'ICON.ICO','TIỆN ÍCH'),(112,'THOÁT','THUESO.COM/ABC','/TEST/900','THOÁT','0','2019-06-04 00:00:00',NULL,NULL,100,13,'ICON.ICO','THOÁT');
/*!40000 ALTER TABLE `menu_navication` ENABLE KEYS */;
UNLOCK TABLES;

--
-- Table structure for table `messages`
--

DROP TABLE IF EXISTS `messages`;
/*!40101 SET @saved_cs_client     = @@character_set_client */;
/*!40101 SET character_set_client = utf8 */;
CREATE TABLE `messages` (
  `message_id` int(11) NOT NULL AUTO_INCREMENT,
  `message_content` varchar(500) NOT NULL,
  `invoice_id` int(11) NOT NULL,
  `acc_id` int(11) NOT NULL,
  `created_date` datetime NOT NULL,
  `acc_mem_id` int(11) NOT NULL,
  PRIMARY KEY (`message_id`),
  KEY `messages_fk` (`acc_id`),
  CONSTRAINT `messages_fk` FOREIGN KEY (`acc_id`) REFERENCES `accounts` (`acc_id`)
) ENGINE=InnoDB DEFAULT CHARSET=utf8;
/*!40101 SET character_set_client = @saved_cs_client */;

--
-- Dumping data for table `messages`
--

LOCK TABLES `messages` WRITE;
/*!40000 ALTER TABLE `messages` DISABLE KEYS */;
/*!40000 ALTER TABLE `messages` ENABLE KEYS */;
UNLOCK TABLES;

--
-- Table structure for table `payment`
--

DROP TABLE IF EXISTS `payment`;
/*!40101 SET @saved_cs_client     = @@character_set_client */;
/*!40101 SET character_set_client = utf8 */;
CREATE TABLE `payment` (
  `payment_id` int(11) NOT NULL AUTO_INCREMENT,
  `payment_name` varchar(100) CHARACTER SET utf8 COLLATE utf8_unicode_ci NOT NULL,
  `payment_method` varchar(20) CHARACTER SET utf8 COLLATE utf8_unicode_ci NOT NULL,
  `invoice_count` int(11) NOT NULL,
  `acc_id` int(11) NOT NULL,
  `created_date` datetime NOT NULL,
  `updated_date` datetime DEFAULT NULL,
  `deleted_date` datetime DEFAULT NULL,
  `payment_total` decimal(18,6) NOT NULL,
  `payment_status` char(1) NOT NULL,
  PRIMARY KEY (`payment_id`),
  KEY `payment_fk` (`acc_id`),
  CONSTRAINT `payment_fk` FOREIGN KEY (`acc_id`) REFERENCES `accounts` (`acc_id`)
) ENGINE=InnoDB AUTO_INCREMENT=158 DEFAULT CHARSET=utf8;
/*!40101 SET character_set_client = @saved_cs_client */;

--
-- Dumping data for table `payment`
--

LOCK TABLES `payment` WRITE;
/*!40000 ALTER TABLE `payment` DISABLE KEYS */;
INSERT INTO `payment` VALUES (100,'CK','CK QUA NGÂN HÀNG',300,100,'2019-06-04 00:00:00',NULL,NULL,50.000000,'1'),(101,'CK','CK QUA NGÂN HÀNG',300,100,'2019-06-04 00:00:00',NULL,NULL,50.000000,'1'),(102,'CK','CK QUA NGÂN HÀNG',300,100,'2019-06-04 00:00:00',NULL,NULL,50.000000,'1'),(103,'CK','CK QUA NGÂN HÀNG',300,100,'2019-06-04 00:00:00',NULL,NULL,50.000000,'1'),(104,'CK','CK QUA NGÂN HÀNG',300,100,'2019-06-04 00:00:00',NULL,NULL,50.000000,'1'),(105,'CK','CK QUA NGÂN HÀNG',300,100,'2019-06-04 00:00:00',NULL,NULL,50.000000,'1'),(106,'CK','CK QUA NGÂN HÀNG',300,100,'2019-06-04 00:00:00',NULL,NULL,50.000000,'1'),(107,'CK','CK QUA NGÂN HÀNG',300,100,'2019-06-04 00:00:00',NULL,NULL,50.000000,'1'),(108,'CK','CK QUA NGÂN HÀNG',300,100,'2019-06-04 00:00:00',NULL,NULL,50.000000,'1'),(109,'CK','CK QUA NGÂN HÀNG',300,100,'2019-06-04 00:00:00',NULL,NULL,50.000000,'1'),(110,'CK','CK QUA NGÂN HÀNG',300,100,'2019-06-04 00:00:00',NULL,NULL,50.000000,'1'),(111,'CK','CK QUA NGÂN HÀNG',300,100,'2019-06-04 00:00:00',NULL,NULL,50.000000,'1'),(112,'CK','CK QUA NGÂN HÀNG',300,100,'2019-06-04 00:00:00',NULL,NULL,50.000000,'1'),(113,'CK','CK QUA NGÂN HÀNG',300,100,'2019-06-04 00:00:00',NULL,NULL,50.000000,'1'),(114,'CK','CK QUA NGÂN HÀNG',300,100,'2019-06-04 00:00:00',NULL,NULL,50.000000,'1'),(115,'CK','CK QUA NGÂN HÀNG',300,100,'2019-06-04 00:00:00',NULL,NULL,50.000000,'1'),(116,'CK','CK QUA NGÂN HÀNG',300,100,'2019-06-04 00:00:00',NULL,NULL,50.000000,'1'),(117,'CK','CK QUA NGÂN HÀNG',300,100,'2019-06-04 00:00:00',NULL,NULL,50.000000,'1'),(118,'CK','CK QUA NGÂN HÀNG',300,100,'2019-06-04 00:00:00',NULL,NULL,50.000000,'1'),(119,'CK','CK QUA NGÂN HÀNG',300,100,'2019-06-04 00:00:00',NULL,NULL,50.000000,'1'),(120,'CK','CK QUA NGÂN HÀNG',300,100,'2019-06-04 00:00:00',NULL,NULL,50.000000,'1'),(121,'CK','CK QUA NGÂN HÀNG',300,100,'2019-06-04 00:00:00',NULL,NULL,50.000000,'1'),(122,'CK','CK QUA NGÂN HÀNG',300,100,'2019-06-04 00:00:00',NULL,NULL,50.000000,'1'),(123,'CK','CK QUA NGÂN HÀNG',300,100,'2019-06-04 00:00:00',NULL,NULL,50.000000,'1'),(124,'CK','CK QUA NGÂN HÀNG',300,100,'2019-06-04 00:00:00',NULL,NULL,50.000000,'1'),(125,'CK','CK QUA NGÂN HÀNG',300,100,'2019-06-04 00:00:00',NULL,NULL,50.000000,'1'),(126,'CK','CK QUA NGÂN HÀNG',300,100,'2019-06-04 00:00:00',NULL,NULL,50.000000,'1'),(127,'CK','CK QUA NGÂN HÀNG',300,100,'2019-06-04 00:00:00',NULL,NULL,50.000000,'1'),(128,'CK','CK QUA NGÂN HÀNG',300,100,'2019-06-04 00:00:00',NULL,NULL,50.000000,'1'),(129,'CK','CK QUA NGÂN HÀNG',300,100,'2019-06-04 00:00:00',NULL,NULL,50.000000,'1'),(130,'CK','CK QUA NGÂN HÀNG',300,100,'2019-06-04 00:00:00',NULL,NULL,50.000000,'1'),(131,'CK','CK QUA NGÂN HÀNG',300,100,'2019-06-04 00:00:00',NULL,NULL,50.000000,'1'),(132,'CK','CK QUA NGÂN HÀNG',300,100,'2019-06-04 00:00:00',NULL,NULL,50.000000,'1'),(133,'CK','CK QUA NGÂN HÀNG',300,100,'2019-06-04 00:00:00',NULL,NULL,50.000000,'1'),(134,'CK','CK QUA NGÂN HÀNG',300,100,'2019-06-04 00:00:00',NULL,NULL,50.000000,'1'),(135,'CK','CK QUA NGÂN HÀNG',300,100,'2019-06-04 00:00:00',NULL,NULL,50.000000,'1'),(136,'CK','CK QUA NGÂN HÀNG',300,100,'2019-06-04 00:00:00',NULL,NULL,50.000000,'1'),(137,'CK','CK QUA NGÂN HÀNG',300,100,'2019-06-04 00:00:00',NULL,NULL,50.000000,'1'),(138,'CK','CK QUA NGÂN HÀNG',300,100,'2019-06-04 00:00:00',NULL,NULL,50.000000,'1'),(139,'CK','CK QUA NGÂN HÀNG',300,100,'2019-06-04 00:00:00',NULL,NULL,50.000000,'1'),(140,'CK','CK QUA NGÂN HÀNG',300,100,'2019-06-04 00:00:00',NULL,NULL,50.000000,'1'),(141,'CK','CK QUA NGÂN HÀNG',300,100,'2019-06-04 00:00:00',NULL,NULL,50.000000,'1'),(142,'CK','CK QUA NGÂN HÀNG',300,100,'2019-06-04 00:00:00',NULL,NULL,50.000000,'1'),(143,'CK','CK QUA NGÂN HÀNG',300,100,'2019-06-04 00:00:00',NULL,NULL,50.000000,'1'),(144,'CK','CK QUA NGÂN HÀNG',300,100,'2019-06-04 00:00:00',NULL,NULL,50.000000,'1'),(145,'CK','CK QUA NGÂN HÀNG',300,100,'2019-06-04 00:00:00',NULL,NULL,50.000000,'1'),(146,'CK','CK QUA NGÂN HÀNG',300,100,'2019-06-04 00:00:00',NULL,NULL,50.000000,'1'),(147,'CK','CK QUA NGÂN HÀNG',300,100,'2019-06-04 00:00:00',NULL,NULL,50.000000,'1'),(148,'CK','CK QUA NGÂN HÀNG',300,100,'2019-06-04 00:00:00',NULL,NULL,50.000000,'1'),(149,'CK','CK QUA NGÂN HÀNG',300,100,'2019-06-04 00:00:00',NULL,NULL,50.000000,'1'),(150,'CK','CK QUA NGÂN HÀNG',300,100,'2019-06-04 00:00:00',NULL,NULL,50.000000,'1'),(151,'CK','CK QUA NGÂN HÀNG',300,100,'2019-06-04 00:00:00',NULL,NULL,50.000000,'1'),(152,'CK','CK QUA NGÂN HÀNG',300,100,'2019-06-04 00:00:00',NULL,NULL,50.000000,'1'),(153,'CK','CK QUA NGÂN HÀNG',300,100,'2019-06-04 00:00:00',NULL,NULL,50.000000,'1'),(154,'CK','CK QUA NGÂN HÀNG',300,100,'2019-06-04 00:00:00',NULL,NULL,50.000000,'1'),(155,'CK','CK QUA NGÂN HÀNG',300,100,'2019-06-04 00:00:00',NULL,NULL,50.000000,'1'),(156,'CK','CK QUA NGÂN HÀNG',300,100,'2019-06-04 00:00:00',NULL,NULL,50.000000,'1'),(157,'CK','CK QUA NGÂN HÀNG',300,100,'2019-06-04 00:00:00',NULL,NULL,50.000000,'1');
/*!40000 ALTER TABLE `payment` ENABLE KEYS */;
UNLOCK TABLES;

--
-- Table structure for table `payment_history`
--

DROP TABLE IF EXISTS `payment_history`;
/*!40101 SET @saved_cs_client     = @@character_set_client */;
/*!40101 SET character_set_client = utf8 */;
CREATE TABLE `payment_history` (
  `payment_his_id` int(11) NOT NULL AUTO_INCREMENT,
  `payment_id` int(11) NOT NULL,
  `payment_total` decimal(18,6) NOT NULL,
  `payment_method` varchar(20) CHARACTER SET utf8 COLLATE utf8_unicode_ci NOT NULL,
  `payment_fee` decimal(18,6) NOT NULL,
  `payment_content` varchar(200) NOT NULL,
  `created_date` datetime NOT NULL,
  `updated_date` datetime DEFAULT NULL,
  `deleted_date` datetime DEFAULT NULL,
  `invoice_count` int(11) NOT NULL,
  PRIMARY KEY (`payment_his_id`),
  KEY `payment_history_fk` (`payment_id`),
  CONSTRAINT `payment_history_fk` FOREIGN KEY (`payment_id`) REFERENCES `payment` (`payment_id`)
) ENGINE=InnoDB AUTO_INCREMENT=146 DEFAULT CHARSET=utf8;
/*!40101 SET character_set_client = @saved_cs_client */;

--
-- Dumping data for table `payment_history`
--

LOCK TABLES `payment_history` WRITE;
/*!40000 ALTER TABLE `payment_history` DISABLE KEYS */;
INSERT INTO `payment_history` VALUES (100,100,15000.000000,'CK NGAN HANG',5.000000,'CK THIEU 100 K','2019-06-04 00:00:00',NULL,NULL,150),(101,100,15000.000000,'CK NGAN HANG',5.000000,'CK THIEU 100 K','2019-06-04 00:00:00',NULL,NULL,150),(102,100,15000.000000,'CK NGAN HANG',5.000000,'CK THIEU 100 K','2019-06-04 00:00:00',NULL,NULL,150),(103,100,15000.000000,'CK NGAN HANG',5.000000,'CK THIEU 100 K','2019-06-04 00:00:00',NULL,NULL,150),(104,100,15000.000000,'CK NGAN HANG',5.000000,'CK THIEU 100 K','2019-06-04 00:00:00',NULL,NULL,150),(105,100,15000.000000,'CK NGAN HANG',5.000000,'CK THIEU 100 K','2019-06-04 00:00:00',NULL,NULL,150),(106,100,15000.000000,'CK NGAN HANG',5.000000,'CK THIEU 100 K','2019-06-04 00:00:00',NULL,NULL,150),(107,100,15000.000000,'CK NGAN HANG',5.000000,'CK THIEU 100 K','2019-06-04 00:00:00',NULL,NULL,150),(108,100,15000.000000,'CK NGAN HANG',5.000000,'CK THIEU 100 K','2019-06-04 00:00:00',NULL,NULL,150),(109,100,15000.000000,'CK NGAN HANG',5.000000,'CK THIEU 100 K','2019-06-04 00:00:00',NULL,NULL,150),(110,100,15000.000000,'CK NGAN HANG',5.000000,'CK THIEU 100 K','2019-06-04 00:00:00',NULL,NULL,150),(111,100,15000.000000,'CK NGAN HANG',5.000000,'CK THIEU 100 K','2019-06-04 00:00:00',NULL,NULL,150),(112,100,15000.000000,'CK NGAN HANG',5.000000,'CK THIEU 100 K','2019-06-04 00:00:00',NULL,NULL,150),(113,100,15000.000000,'CK NGAN HANG',5.000000,'CK THIEU 100 K','2019-06-04 00:00:00',NULL,NULL,150),(114,100,15000.000000,'CK NGAN HANG',5.000000,'CK THIEU 100 K','2019-06-04 00:00:00',NULL,NULL,150),(115,100,15000.000000,'CK NGAN HANG',5.000000,'CK THIEU 100 K','2019-06-04 00:00:00',NULL,NULL,150),(116,100,15000.000000,'CK NGAN HANG',5.000000,'CK THIEU 100 K','2019-06-04 00:00:00',NULL,NULL,150),(117,100,15000.000000,'CK NGAN HANG',5.000000,'CK THIEU 100 K','2019-06-04 00:00:00',NULL,NULL,150),(118,100,15000.000000,'CK NGAN HANG',5.000000,'CK THIEU 100 K','2019-06-04 00:00:00',NULL,NULL,150),(119,100,15000.000000,'CK NGAN HANG',5.000000,'CK THIEU 100 K','2019-06-04 00:00:00',NULL,NULL,150),(120,100,15000.000000,'CK NGAN HANG',5.000000,'CK THIEU 100 K','2019-06-04 00:00:00',NULL,NULL,150),(121,100,15000.000000,'CK NGAN HANG',5.000000,'CK THIEU 100 K','2019-06-04 00:00:00',NULL,NULL,150),(122,100,15000.000000,'CK NGAN HANG',5.000000,'CK THIEU 100 K','2019-06-04 00:00:00',NULL,NULL,150),(123,100,15000.000000,'CK NGAN HANG',5.000000,'CK THIEU 100 K','2019-06-04 00:00:00',NULL,NULL,150),(124,100,15000.000000,'CK NGAN HANG',5.000000,'CK THIEU 100 K','2019-06-04 00:00:00',NULL,NULL,150),(125,100,15000.000000,'CK NGAN HANG',5.000000,'CK THIEU 100 K','2019-06-04 00:00:00',NULL,NULL,150),(126,100,15000.000000,'CK NGAN HANG',5.000000,'CK THIEU 100 K','2019-06-04 00:00:00',NULL,NULL,150),(127,100,15000.000000,'CK NGAN HANG',5.000000,'CK THIEU 100 K','2019-06-04 00:00:00',NULL,NULL,150),(128,100,15000.000000,'CK NGAN HANG',5.000000,'CK THIEU 100 K','2019-06-04 00:00:00',NULL,NULL,150),(129,100,15000.000000,'CK NGAN HANG',5.000000,'CK THIEU 100 K','2019-06-04 00:00:00',NULL,NULL,150),(130,100,15000.000000,'CK NGAN HANG',5.000000,'CK THIEU 100 K','2019-06-04 00:00:00',NULL,NULL,150),(131,100,15000.000000,'CK NGAN HANG',5.000000,'CK THIEU 100 K','2019-06-04 00:00:00',NULL,NULL,150),(132,100,15000.000000,'CK NGAN HANG',5.000000,'CK THIEU 100 K','2019-06-04 00:00:00',NULL,NULL,150),(133,100,15000.000000,'CK NGAN HANG',5.000000,'CK THIEU 100 K','2019-06-04 00:00:00',NULL,NULL,150),(134,100,15000.000000,'CK NGAN HANG',5.000000,'CK THIEU 100 K','2019-06-04 00:00:00',NULL,NULL,150),(135,100,15000.000000,'CK NGAN HANG',5.000000,'CK THIEU 100 K','2019-06-04 00:00:00',NULL,NULL,150),(136,100,15000.000000,'CK NGAN HANG',5.000000,'CK THIEU 100 K','2019-06-04 00:00:00',NULL,NULL,150),(137,100,15000.000000,'CK NGAN HANG',5.000000,'CK THIEU 100 K','2019-06-04 00:00:00',NULL,NULL,150),(138,100,15000.000000,'CK NGAN HANG',5.000000,'CK THIEU 100 K','2019-06-04 00:00:00',NULL,NULL,150),(139,100,15000.000000,'CK NGAN HANG',5.000000,'CK THIEU 100 K','2019-06-04 00:00:00',NULL,NULL,150),(140,100,15000.000000,'CK NGAN HANG',5.000000,'CK THIEU 100 K','2019-06-04 00:00:00',NULL,NULL,150),(141,100,15000.000000,'CK NGAN HANG',5.000000,'CK THIEU 100 K','2019-06-04 00:00:00',NULL,NULL,150),(142,100,15000.000000,'CK NGAN HANG',5.000000,'CK THIEU 100 K','2019-06-04 00:00:00',NULL,NULL,150),(143,100,15000.000000,'CK NGAN HANG',5.000000,'CK THIEU 100 K','2019-06-04 00:00:00',NULL,NULL,150),(144,100,15000.000000,'CK NGAN HANG',5.000000,'CK THIEU 100 K','2019-06-04 00:00:00',NULL,NULL,150),(145,100,15000.000000,'CK NGAN HANG',5.000000,'CK THIEU 100 K','2019-06-04 00:00:00',NULL,NULL,150);
/*!40000 ALTER TABLE `payment_history` ENABLE KEYS */;
UNLOCK TABLES;

--
-- Table structure for table `products`
--

DROP TABLE IF EXISTS `products`;
/*!40101 SET @saved_cs_client     = @@character_set_client */;
/*!40101 SET character_set_client = utf8 */;
CREATE TABLE `products` (
  `pro_id` int(11) NOT NULL AUTO_INCREMENT,
  `pro_name` varchar(100) CHARACTER SET utf8 COLLATE utf8_unicode_ci NOT NULL,
  `pro_quantity` int(11) NOT NULL,
  `pro_unit` varchar(10) NOT NULL,
  `pro_price` decimal(18,6) NOT NULL,
  `created_date` datetime NOT NULL,
  `updated_date` datetime DEFAULT NULL,
  `deleted_date` datetime DEFAULT NULL,
  `acc_id` int(11) NOT NULL,
  PRIMARY KEY (`pro_id`),
  KEY `products_fk` (`acc_id`),
  CONSTRAINT `products_fk` FOREIGN KEY (`acc_id`) REFERENCES `accounts` (`acc_id`)
) ENGINE=InnoDB DEFAULT CHARSET=utf8;
/*!40101 SET character_set_client = @saved_cs_client */;

--
-- Dumping data for table `products`
--

LOCK TABLES `products` WRITE;
/*!40000 ALTER TABLE `products` DISABLE KEYS */;
/*!40000 ALTER TABLE `products` ENABLE KEYS */;
UNLOCK TABLES;

--
-- Table structure for table `roles`
--

DROP TABLE IF EXISTS `roles`;
/*!40101 SET @saved_cs_client     = @@character_set_client */;
/*!40101 SET character_set_client = utf8 */;
CREATE TABLE `roles` (
  `role_id` int(11) NOT NULL AUTO_INCREMENT,
  `role_name` varchar(20) CHARACTER SET utf8 COLLATE utf8_unicode_ci NOT NULL,
  `role_account` varchar(20) CHARACTER SET utf8 COLLATE utf8_unicode_ci NOT NULL,
  `role_status` bit(1) NOT NULL,
  `role_type` varchar(1) NOT NULL,
  `created_date` datetime NOT NULL,
  `updated_date` datetime DEFAULT NULL,
  `deleted_date` datetime DEFAULT NULL,
  `description` varchar(100) DEFAULT NULL,
  PRIMARY KEY (`role_id`)
) ENGINE=InnoDB AUTO_INCREMENT=109 DEFAULT CHARSET=utf8;
/*!40101 SET character_set_client = @saved_cs_client */;

--
-- Dumping data for table `roles`
--

LOCK TABLES `roles` WRITE;
/*!40000 ALTER TABLE `roles` DISABLE KEYS */;
INSERT INTO `roles` VALUES (100,'ADMIN','ADMIN','\0','1','2019-06-04 00:00:00',NULL,NULL,'QUẢN LÝ ADMIN'),(102,'QUẢN LÝ','MANAGER','\0','2','2019-06-04 00:00:00',NULL,NULL,'QUẢN LÝ CÔNG TY'),(103,'NHÂN VIÊN KẾ TOÁN','STAFF','\0','3','2019-06-04 00:00:00',NULL,NULL,'NHÂN VIÊN CỦA CÔNG TY'),(104,'NHÂN VIÊN HÓA ĐƠN','STAFF','\0','3','2019-06-04 00:00:00',NULL,NULL,NULL),(105,'ĐẠI LÝ','GROUP','\0','5','2019-06-04 00:00:00',NULL,NULL,'ĐẠI LÝ THUẾ'),(106,'NHÂN VIÊN KHAI THUẾ','STAFF','\0','3','2019-06-04 00:00:00',NULL,NULL,'TÀI KHOẢN KHÁCH HÀNG VÀO XEM HÓA ĐƠN'),(107,'NGOÀI HỆ THỐNG','OUTSIDE','\0','0','2019-06-04 00:00:00',NULL,NULL,NULL),(108,'THUẾ VỤ','OUTSIDE','\0','4','2019-06-04 00:00:00',NULL,NULL,NULL);
/*!40000 ALTER TABLE `roles` ENABLE KEYS */;
UNLOCK TABLES;

--
-- Table structure for table `sub_menu_navigation`
--

DROP TABLE IF EXISTS `sub_menu_navigation`;
/*!40101 SET @saved_cs_client     = @@character_set_client */;
/*!40101 SET character_set_client = utf8 */;
CREATE TABLE `sub_menu_navigation` (
  `sub_menu_id` int(11) NOT NULL AUTO_INCREMENT,
  `menu_id` int(11) NOT NULL,
  `sub_menu_name` varchar(45) CHARACTER SET utf8 COLLATE utf8_unicode_ci NOT NULL,
  `sub_menu_level` int(11) NOT NULL,
  `sub_menu_sort` int(11) NOT NULL,
  `created_date` datetime NOT NULL,
  `updated_date` datetime DEFAULT NULL,
  `deleted_date` datetime DEFAULT NULL,
  `icon` varchar(45) CHARACTER SET utf8 COLLATE utf8_unicode_ci DEFAULT NULL,
  `sub_menu_link` varchar(45) CHARACTER SET utf8 COLLATE utf8_unicode_ci NOT NULL,
  `sub_menu_tooltip` varchar(45) CHARACTER SET utf8 COLLATE utf8_unicode_ci DEFAULT NULL,
  `sub_menu_parameter` varchar(45) CHARACTER SET utf8 COLLATE utf8_unicode_ci DEFAULT NULL,
  `sub_menu_status` char(1) NOT NULL,
  PRIMARY KEY (`sub_menu_id`),
  KEY `sub_menu_navigation_fk` (`menu_id`),
  CONSTRAINT `sub_menu_navigation_fk` FOREIGN KEY (`menu_id`) REFERENCES `menu_navication` (`menu_id`)
) ENGINE=InnoDB AUTO_INCREMENT=118 DEFAULT CHARSET=utf8;
/*!40101 SET character_set_client = @saved_cs_client */;

--
-- Dumping data for table `sub_menu_navigation`
--

LOCK TABLES `sub_menu_navigation` WRITE;
/*!40000 ALTER TABLE `sub_menu_navigation` DISABLE KEYS */;
INSERT INTO `sub_menu_navigation` VALUES (100,100,'LẬP HÓA ĐƠN',0,1,'2019-06-04 00:00:00',NULL,NULL,'CI.ICO','/TEST/TEST','LẬP HÓA ĐƠN','/TEST','0'),(101,100,'HÓA ĐƠN LƯU TẠM',0,2,'2019-06-04 00:00:00',NULL,NULL,'CI.ICO','/TEST/TEST','LẬP HÓA ĐƠN','/TEST','0'),(102,100,'HÓA ĐƠN CHỜ DUYỆT',0,3,'2019-06-04 00:00:00',NULL,NULL,'CI.ICO','/TEST/TEST','LẬP HÓA ĐƠN','/TEST','0'),(103,104,'HÓA ĐƠN PHẢI KHAI THUẾ TRONG KỲ',0,1,'2019-06-04 00:00:00',NULL,NULL,'CI.ICO','/TEST/TEST','LẬP HÓA ĐƠN','/TEST','0'),(104,104,'THỐNG KÊ HÓA ĐƠN ĐÃ KHAI',0,2,'2019-06-04 00:00:00',NULL,NULL,'CI.ICO','/TEST/TEST','LẬP HÓA ĐƠN','/TEST','0'),(105,104,'HÓA ĐƠN ĐÃ BỊ LOẠI',0,3,'2019-06-04 00:00:00',NULL,NULL,'CI.ICO','/TEST/TEST','LẬP HÓA ĐƠN','/TEST','0'),(106,105,'NẠP & SỬ DỤNG HÓA ĐƠN KHÁC HỆ MUA VÀO',0,1,'2019-06-04 00:00:00',NULL,NULL,'CI.ICO','/TEST/TEST','LẬP HÓA ĐƠN','/TEST','0'),(107,105,'NẠP & LƯU DỤNG HÓA ĐƠN KHÁC HỆ ĐÃ KHAI THUẾ',0,2,'2019-06-04 00:00:00',NULL,NULL,'CI.ICO','/TEST/TEST','LẬP HÓA ĐƠN','/TEST','0'),(108,105,'THỐNG KÊ HÓA ĐƠN KHÁC HỆ ĐÃ KHAI THUẾ',0,3,'2019-06-04 00:00:00',NULL,NULL,'CI.ICO','/TEST/TEST','LẬP HÓA ĐƠN','/TEST','0'),(109,106,'LẬPTÀI KHOẢN KHÁCH MUA HÀNG',0,1,'2019-06-04 00:00:00',NULL,NULL,'CI.ICO','/TEST/TEST','LẬP HÓA ĐƠN','/TEST','0'),(110,106,'LẬPTÀI KHOẢN NHÂN VIÊN KHAI THUẾ',0,2,'2019-06-04 00:00:00',NULL,NULL,'CI.ICO','/TEST/TEST','LẬP HÓA ĐƠN','/TEST','0'),(111,106,'LẬPTÀI KHOẢN CÁN BỘ THUẾ',0,3,'2019-06-04 00:00:00',NULL,NULL,'CI.ICO','/TEST/TEST','LẬP HÓA ĐƠN','/TEST','0'),(112,106,'ĐẠI LÝ LẬP TÀI KHOẢN CHO KHÁCH HÀNG',0,4,'2019-06-04 00:00:00',NULL,NULL,'CI.ICO','/TEST/TEST','LẬP HÓA ĐƠN','/TEST','0'),(113,108,'KHỞI TẠO & PHÁT HÀNH MẪU HÓA ĐƠN',0,1,'2019-06-04 00:00:00',NULL,NULL,'CI.ICO','/TEST/TEST','LẬP HÓA ĐƠN','/TEST','0'),(114,108,'KÍCH HOẠT SỬ DỤNG MẪU HÓA ĐƠN',0,2,'2019-06-04 00:00:00',NULL,NULL,'CI.ICO','/TEST/TEST','LẬP HÓA ĐƠN','/TEST','0'),(115,109,'TÌNH HÌNH SỬ DỤNG & MUA HÓA ĐƠN',0,1,'2019-06-04 00:00:00',NULL,NULL,'CI.ICO','/TEST/TEST','LẬP HÓA ĐƠN','/TEST','0'),(116,109,'LỊCH SỬ MUA HÓA ĐƠN',0,2,'2019-06-04 00:00:00',NULL,NULL,'CI.ICO','/TEST/TEST','LẬP HÓA ĐƠN','/TEST','0'),(117,110,'DANH MỤC SẢN PHẨM',0,1,'2019-06-04 00:00:00',NULL,NULL,'CI.ICO','/TEST/TEST','LẬP HÓA ĐƠN','/TEST','0');
/*!40000 ALTER TABLE `sub_menu_navigation` ENABLE KEYS */;
UNLOCK TABLES;

--
-- Table structure for table `template_invoice`
--

DROP TABLE IF EXISTS `template_invoice`;
/*!40101 SET @saved_cs_client     = @@character_set_client */;
/*!40101 SET character_set_client = utf8 */;
CREATE TABLE `template_invoice` (
  `temp_id` int(11) NOT NULL AUTO_INCREMENT,
  `temp_name` varchar(50) CHARACTER SET utf8 COLLATE utf8_unicode_ci NOT NULL,
  `temp_align_logo` varchar(250) CHARACTER SET utf8 COLLATE utf8_unicode_ci NOT NULL,
  `temp_align_buyer` varchar(250) CHARACTER SET utf8 COLLATE utf8_unicode_ci NOT NULL,
  `temp_align_seller` varchar(250) CHARACTER SET utf8 COLLATE utf8_unicode_ci NOT NULL,
  `temp_background` varchar(250) CHARACTER SET utf8 COLLATE utf8_unicode_ci NOT NULL,
  `acc_id` int(11) NOT NULL,
  `isdefault` char(1) NOT NULL,
  `created_date` datetime NOT NULL,
  `updated_date` datetime DEFAULT NULL,
  `deleted_date` datetime DEFAULT NULL,
  `sign_digital` varchar(100) CHARACTER SET utf8 COLLATE utf8_unicode_ci NOT NULL,
  PRIMARY KEY (`temp_id`),
  KEY `template_invoice_fk` (`acc_id`),
  CONSTRAINT `template_invoice_fk` FOREIGN KEY (`acc_id`) REFERENCES `accounts` (`acc_id`)
) ENGINE=InnoDB AUTO_INCREMENT=161 DEFAULT CHARSET=utf8;
/*!40101 SET character_set_client = @saved_cs_client */;

--
-- Dumping data for table `template_invoice`
--

LOCK TABLES `template_invoice` WRITE;
/*!40000 ALTER TABLE `template_invoice` DISABLE KEYS */;
INSERT INTO `template_invoice` VALUES (100,'MAU 001','ABC.PNG','CENTER','CENTER','BAC.PNG',100,'0','2019-06-04 00:00:00',NULL,NULL,'100100100100100'),(101,'MAU 001','ABC.PNG','CENTER','CENTER','BAC.PNG',100,'0','2019-06-04 00:00:00',NULL,NULL,'100100100100100'),(102,'MAU 001','ABC.PNG','CENTER','CENTER','BAC.PNG',100,'0','2019-06-04 00:00:00',NULL,NULL,'100100100100100'),(103,'MAU 001','ABC.PNG','CENTER','CENTER','BAC.PNG',100,'0','2019-06-04 00:00:00',NULL,NULL,'100100100100100'),(104,'MAU 001','ABC.PNG','CENTER','CENTER','BAC.PNG',100,'0','2019-06-04 00:00:00',NULL,NULL,'100100100100100'),(105,'MAU 001','ABC.PNG','CENTER','CENTER','BAC.PNG',100,'0','2019-06-04 00:00:00',NULL,NULL,'100100100100100'),(106,'MAU 001','ABC.PNG','CENTER','CENTER','BAC.PNG',100,'0','2019-06-04 00:00:00',NULL,NULL,'100100100100100'),(107,'MAU 001','ABC.PNG','CENTER','CENTER','BAC.PNG',100,'0','2019-06-04 00:00:00',NULL,NULL,'100100100100100'),(108,'MAU 001','ABC.PNG','CENTER','CENTER','BAC.PNG',100,'0','2019-06-04 00:00:00',NULL,NULL,'100100100100100'),(109,'MAU 001','ABC.PNG','CENTER','CENTER','BAC.PNG',100,'0','2019-06-04 00:00:00',NULL,NULL,'100100100100100'),(110,'MAU 001','ABC.PNG','CENTER','CENTER','BAC.PNG',100,'0','2019-06-04 00:00:00',NULL,NULL,'100100100100100'),(111,'MAU 001','ABC.PNG','CENTER','CENTER','BAC.PNG',100,'0','2019-06-04 00:00:00',NULL,NULL,'100100100100100'),(112,'MAU 001','ABC.PNG','CENTER','CENTER','BAC.PNG',100,'0','2019-06-04 00:00:00',NULL,NULL,'100100100100100'),(113,'MAU 001','ABC.PNG','CENTER','CENTER','BAC.PNG',100,'0','2019-06-04 00:00:00',NULL,NULL,'100100100100100'),(114,'MAU 001','ABC.PNG','CENTER','CENTER','BAC.PNG',100,'0','2019-06-04 00:00:00',NULL,NULL,'100100100100100'),(115,'MAU 001','ABC.PNG','CENTER','CENTER','BAC.PNG',100,'0','2019-06-04 00:00:00',NULL,NULL,'100100100100100'),(116,'MAU 001','ABC.PNG','CENTER','CENTER','BAC.PNG',100,'0','2019-06-04 00:00:00',NULL,NULL,'100100100100100'),(117,'MAU 001','ABC.PNG','CENTER','CENTER','BAC.PNG',100,'0','2019-06-04 00:00:00',NULL,NULL,'100100100100100'),(118,'MAU 001','ABC.PNG','CENTER','CENTER','BAC.PNG',100,'0','2019-06-04 00:00:00',NULL,NULL,'100100100100100'),(119,'MAU 001','ABC.PNG','CENTER','CENTER','BAC.PNG',100,'0','2019-06-04 00:00:00',NULL,NULL,'100100100100100'),(120,'MAU 001','ABC.PNG','CENTER','CENTER','BAC.PNG',100,'0','2019-06-04 00:00:00',NULL,NULL,'100100100100100'),(121,'MAU 001','ABC.PNG','CENTER','CENTER','BAC.PNG',100,'0','2019-06-04 00:00:00',NULL,NULL,'100100100100100'),(122,'MAU 001','ABC.PNG','CENTER','CENTER','BAC.PNG',100,'0','2019-06-04 00:00:00',NULL,NULL,'100100100100100'),(123,'MAU 001','ABC.PNG','CENTER','CENTER','BAC.PNG',100,'0','2019-06-04 00:00:00',NULL,NULL,'100100100100100'),(124,'MAU 001','ABC.PNG','CENTER','CENTER','BAC.PNG',100,'0','2019-06-04 00:00:00',NULL,NULL,'100100100100100'),(125,'MAU 001','ABC.PNG','CENTER','CENTER','BAC.PNG',100,'0','2019-06-04 00:00:00',NULL,NULL,'100100100100100'),(126,'MAU 002','ABC.PNG','CENTER','CENTER','BAC.PNG',100,'1','2019-06-04 00:00:00',NULL,NULL,'100100100100100'),(127,'MAU 002','ABC.PNG','CENTER','CENTER','BAC.PNG',100,'1','2019-06-04 00:00:00',NULL,NULL,'100100100100100'),(128,'MAU 002','ABC.PNG','CENTER','CENTER','BAC.PNG',100,'1','2019-06-04 00:00:00',NULL,NULL,'100100100100100'),(129,'MAU 002','ABC.PNG','CENTER','CENTER','BAC.PNG',100,'1','2019-06-04 00:00:00',NULL,NULL,'100100100100100'),(130,'MAU 002','ABC.PNG','CENTER','CENTER','BAC.PNG',100,'1','2019-06-04 00:00:00',NULL,NULL,'100100100100100'),(131,'MAU 002','ABC.PNG','CENTER','CENTER','BAC.PNG',100,'1','2019-06-04 00:00:00',NULL,NULL,'100100100100100'),(132,'MAU 002','ABC.PNG','CENTER','CENTER','BAC.PNG',100,'1','2019-06-04 00:00:00',NULL,NULL,'100100100100100'),(133,'MAU 002','ABC.PNG','CENTER','CENTER','BAC.PNG',100,'1','2019-06-04 00:00:00',NULL,NULL,'100100100100100'),(134,'MAU 002','ABC.PNG','CENTER','CENTER','BAC.PNG',100,'1','2019-06-04 00:00:00',NULL,NULL,'100100100100100'),(135,'MAU 002','ABC.PNG','CENTER','CENTER','BAC.PNG',100,'1','2019-06-04 00:00:00',NULL,NULL,'100100100100100'),(136,'MAU 002','ABC.PNG','CENTER','CENTER','BAC.PNG',100,'1','2019-06-04 00:00:00',NULL,NULL,'100100100100100'),(137,'MAU 002','ABC.PNG','CENTER','CENTER','BAC.PNG',100,'1','2019-06-04 00:00:00',NULL,NULL,'100100100100100'),(138,'MAU 002','ABC.PNG','CENTER','CENTER','BAC.PNG',100,'1','2019-06-04 00:00:00',NULL,NULL,'100100100100100'),(139,'MAU 002','ABC.PNG','CENTER','CENTER','BAC.PNG',100,'1','2019-06-04 00:00:00',NULL,NULL,'100100100100100'),(140,'MAU 002','ABC.PNG','CENTER','CENTER','BAC.PNG',100,'1','2019-06-04 00:00:00',NULL,NULL,'100100100100100'),(141,'MAU 002','ABC.PNG','CENTER','CENTER','BAC.PNG',100,'1','2019-06-04 00:00:00',NULL,NULL,'100100100100100'),(142,'MAU 002','ABC.PNG','CENTER','CENTER','BAC.PNG',100,'1','2019-06-04 00:00:00',NULL,NULL,'100100100100100'),(143,'MAU 002','ABC.PNG','CENTER','CENTER','BAC.PNG',100,'1','2019-06-04 00:00:00',NULL,NULL,'100100100100100'),(144,'MAU 002','ABC.PNG','CENTER','CENTER','BAC.PNG',100,'1','2019-06-04 00:00:00',NULL,NULL,'100100100100100'),(145,'MAU 002','ABC.PNG','CENTER','CENTER','BAC.PNG',100,'1','2019-06-04 00:00:00',NULL,NULL,'100100100100100'),(146,'MAU 003','ABC.PNG','CENTER','CENTER','BAC.PNG',100,'1','2019-06-04 00:00:00',NULL,NULL,'100100100100100'),(147,'MAU 003','ABC.PNG','CENTER','CENTER','BAC.PNG',100,'1','2019-06-04 00:00:00',NULL,NULL,'100100100100100'),(148,'MAU 003','ABC.PNG','CENTER','CENTER','BAC.PNG',100,'1','2019-06-04 00:00:00',NULL,NULL,'100100100100100'),(149,'MAU 003','ABC.PNG','CENTER','CENTER','BAC.PNG',100,'1','2019-06-04 00:00:00',NULL,NULL,'100100100100100'),(150,'MAU 003','ABC.PNG','CENTER','CENTER','BAC.PNG',100,'1','2019-06-04 00:00:00',NULL,NULL,'100100100100100'),(151,'MAU 003','ABC.PNG','CENTER','CENTER','BAC.PNG',100,'1','2019-06-04 00:00:00',NULL,NULL,'100100100100100'),(152,'MAU 003','ABC.PNG','CENTER','CENTER','BAC.PNG',100,'1','2019-06-04 00:00:00',NULL,NULL,'100100100100100'),(153,'MAU 003','ABC.PNG','CENTER','CENTER','BAC.PNG',100,'1','2019-06-04 00:00:00',NULL,NULL,'100100100100100'),(154,'MAU 003','ABC.PNG','CENTER','CENTER','BAC.PNG',100,'1','2019-06-04 00:00:00',NULL,NULL,'100100100100100'),(155,'MAU 003','ABC.PNG','CENTER','CENTER','BAC.PNG',100,'1','2019-06-04 00:00:00',NULL,NULL,'100100100100100'),(156,'MAU 003','ABC.PNG','CENTER','CENTER','BAC.PNG',100,'1','2019-06-04 00:00:00',NULL,NULL,'100100100100100'),(157,'MAU 003','ABC.PNG','CENTER','CENTER','BAC.PNG',100,'1','2019-06-04 00:00:00',NULL,NULL,'100100100100100'),(158,'MAU 003','ABC.PNG','CENTER','CENTER','BAC.PNG',100,'1','2019-06-04 00:00:00',NULL,NULL,'100100100100100'),(159,'MAU 003','ABC.PNG','CENTER','CENTER','BAC.PNG',100,'1','2019-06-04 00:00:00',NULL,NULL,'100100100100100'),(160,'MAU 003','ABC.PNG','CENTER','CENTER','BAC.PNG',100,'1','2019-06-04 00:00:00',NULL,NULL,'100100100100100');
/*!40000 ALTER TABLE `template_invoice` ENABLE KEYS */;
UNLOCK TABLES;

--
-- Dumping routines for database 'thueso'
--
/*!40103 SET TIME_ZONE=@OLD_TIME_ZONE */;

/*!40101 SET SQL_MODE=@OLD_SQL_MODE */;
/*!40014 SET FOREIGN_KEY_CHECKS=@OLD_FOREIGN_KEY_CHECKS */;
/*!40014 SET UNIQUE_CHECKS=@OLD_UNIQUE_CHECKS */;
/*!40101 SET CHARACTER_SET_CLIENT=@OLD_CHARACTER_SET_CLIENT */;
/*!40101 SET CHARACTER_SET_RESULTS=@OLD_CHARACTER_SET_RESULTS */;
/*!40101 SET COLLATION_CONNECTION=@OLD_COLLATION_CONNECTION */;
/*!40111 SET SQL_NOTES=@OLD_SQL_NOTES */;

-- Dump completed on 2019-06-10 21:28:54
